absent,(adj.6),"缺席的,不在場的"
active,(adj.6),活躍的
alike,(adj.5),相似的
alive,(adj.5),活著的;活躍的
ancient,(adj.7),古代的
asleep,(adj.6),睡著的
backward,(adj.8),向後的;落後的
believable,(adj.10),可信的
bitter,(adj.6),苦的;嚴酷的
blank,(adj.5),"空白的;空的,無內容的;茫然的"
blind,(adj.5),瞎的
bloody,(adj.6),流血的
bony,(adj.4),骨的;似骨的
brief,(adj.5),短暫的
broad,(adj.5),寬廣的
calm,(adj.4),寧靜的
central,(adj.7),中央的
cheap,(adj.5),便宜的
chemical,(adj.8),化學的
childish,(adj.8),幼稚的
childlike,(adj.9),天真爛漫的
choice,(adj.6),"上等的,精選的;挑三揀四的"
classic,(adj.7),典型的;古典的
clever,(adj.6),聰明伶俐的
cloudy,(adj.6),多雲的;陰天的
colorful,(adj.8),富有色彩的
comfortable,(adj.11),舒適的
complete,(adj.8),完整的；徹底的
convenient,(adj.10),方便的
costly,(adj.6),昂貴的;代價高的
crazy,(adj.5),古怪的;著迷的
cream,(adj.5),"奶油色的,淡黃色的,乳黃色的"
cruel,(adj.5),殘酷的
curious,(adj.7),好奇的
daily,(adj.5),每日的
dangerous,(adj.9),危險的
deaf,(adj.4),聾的
delicious,(adj.9),好吃的
dishonest,(adj.9),不誠實的
distant,(adj.7),遠離的
dizzy,(adj.5),暈眩的
double,(adj.6),雙重的
downtown,(adj.8),城市商業區的
dull,(adj.4),晦暗的;無光澤的
dumb,(adj.4),愚笨的;啞的
eastern,(adj.7),東方的
effective,(adj.9),有效的
elder,(adj.5),年紀較長的
elect,(adj.5),"選定的,當選的"
entire,(adj.6),"全部的,整個的"
exact,(adj.5),"確切的,精確的"
excellent,(adj.9),非常好的
expensive,(adj.9),貴的
expert,(adj.6),"熟練的,老練的;專家的"
express,(adj.7),"快遞的,快運的;明確的"
extra,(adj.5),額外的
fair,(adj.4),公平的;美好的
famous,(adj.6),著名的
favorite,(adj.8),最喜愛的
fearful,(adj.7),可怕的;害怕的
female,(adj.6),女性的
firm,(adj.4),牢固的
fit,(adj.3),適合的;恰當的;相稱的;能勝任的
flat,(adj.4),平的
foggy,(adj.5),有霧的
following,(adj.9),"接著的,其次的;下面的"
foolish,(adj.7),愚蠢的
formal,(adj.6),正式的
former,(adj.6),前者
forward,(adj.7),前面的
frank,(adj.5),坦白的
friendly,(adj.8),友善的
further,(adj.7),較遠的;另外的
future,(adj.6),"未來的,將來的;將來(時)的"
generous,(adj.8),慷慨的
gentle,(adj.6),溫柔的
giant,(adj.5),巨大的
golden,(adj.6),金色的
grassy,(adj.6),長滿草的;似草的
greedy,(adj.6),貪心的
handsome,(adj.8),英俊的
hateful,(adj.7),可恨的;充滿憎恨的
healthy,(adj.7),健康的
helpful,(adj.7),有益的
homesick,(adj.8),想家的
honest,(adj.6),誠實的
humble,(adj.6),謙恭的;微賤的
humid,(adj.5),潮濕的
ill,(adj.3),生病的
independent,(adj.11),獨立的
instant,(adj.7),即時的
international,(adj.13),國際的
joint,(adj.5),接頭;連接
juicy,(adj.5),多汁的
latest,(adj.6),最新的;最近的;最遲的
legal,(adj.5),合法的
local,(adj.5),本地的
lone,(adj.4),孤單的;無伴的
lonely,(adj.6),寂寞的
lovely,(adj.6),動人的
magic,(adj.5),不可思議的;有魔力的
main,(adj.4),最主要的
male,(adj.4),男性的
measurable,(adj.10),可測量的;可預見的
military,(adj.8),軍事的
minus,(adj.5),"負的,減去的"
modern,(adj.6),現代的
movable,(adj.7),"可動的,可移動的"
naked,(adj.5),裸體的
narrow,(adj.6),窄的
national,(adj.8),國家的
natural,(adj.7),天然的
naughty,(adj.7),頑皮的
nearby,(adj.6),附近的
neat,(adj.4),整潔的;整齊的
necessary,(adj.9),需要的
negative,(adj.8),否定的;負面的
neither,(adj.7),兩者都不
northern,(adj.8),北方的;向北方的
novel,(adj.5),"新的,新穎的,新奇的"
official,(adj.8),"官方的,法定的"
ordinary,(adj.8),平常的
overseas,(adj.8),國外的
painful,(adj.7),痛的
particular,(adj.10),特殊的;
patient,(adj.7),"有耐心的,能忍受的"
peaceful,(adj.8),寧靜的;和平的
perfect,(adj.7),完美的
personal,(adj.8),個人的
pink,(adj.4),粉紅色的
plain,(adj.5),簡樸的;清楚的
playful,(adj.7),愛玩耍的;開玩笑的
pleasant,(adj.8),愉快的;美好的
plus,(adj.4),正的;外加的;有益的;陽性的;正電的
polite,(adj.6),有禮貌的
popular,(adj.7),流行的;受歡迎的
positive,(adj.8),正面的;確信的
powerful,(adj.8),強有力的
present,(adj.7),出席的;當前的;現在式的
principal,(adj.9),"主要的,首要的;資本的,本金的"
private,(adj.7),私人的
proud,(adj.5),感光榮的;驕傲的
rainy,(adj.5),下雨的;多雨的
rapid,(adj.5),迅速的
rare,(adj.4),罕見的
recent,(adj.6),最近的
regular,(adj.7),通常的;定期的
responsible,(adj.11),負責任的
rocky,(adj.5),岩石的;多岩石的
royal,(adj.5),皇家的
rude,(adj.4),無禮的
salty,(adj.5),有鹽分的;鹹味濃的
secret,(adj.6),"神祕的,奧祕的"
select,(adj.6),精選的;卓越的
separate,(adj.8),"單獨的,個別的"
serious,(adj.7),嚴肅的;嚴重的;認真的
shocked,(adj.7),震驚的
silent,(adj.6),寂靜的
similar,(adj.7),相似的
single,(adj.6),單一的;獨身的
skilled,(adj.7),熟練的;有技能的
skillful,(adj.8),"有技術的, 熟練的"
skinny,(adj.6),很瘦的
sleepy,(adj.6),想睡的
slender,(adj.7),纖細的
slim,(adj.4),細長的;微小的
snowy,(adj.5),似雪的;多雪的
social,(adj.6),社會的;交際的
southern,(adj.8),南方的;向南方的
square,(adj.6),正方形的
standard,(adj.8),一般性的
straight,(adj.8),直的
strict,(adj.6),"嚴謹的,精確的"
successful,(adj.10),成功的
sudden,(adj.6),突然的
sunny,(adj.5),晴朗的
talkative,(adj.9),好說話的
tasty,(adj.5),高雅的;大方的
teenage,(adj.7),十幾歲的
terrible,(adj.8),可怕的
terrific,(adj.8),非常好的;可怕的
thick,(adj.5),粗的;厚的
thin,(adj.4),瘦的
thirsty,(adj.7),口渴的
traditional,(adj.11),傳統的
ugly,(adj.4),醜的
uniform,(adj.7),"相同的,一致的;不變的"
upper,(adj.5),較高的
used,(adj.4),習慣於; 舊的;用舊了的
usual,(adj.5),例常的
video,(adj.5),電視的;電視影像的;錄影的
western,(adj.7),西方的
wet,(adj.3),潮溼的
whatever,(adj.8),無論怎麼的
wild,(adj.4),野生的;無法無天的
willing,(adj.7),"願意的,樂意的"
windy,(adj.5),多風的
wise,(adj.4),有智慧的
wonderful,(adj.9),很棒的;奇妙的
wooden,(adj.6),木製的;僵硬的;笨拙的
absent,(v.6),缺席
accept,(v.6),接受
advance,(v.7),推進;提升;貸(款)
aid,(v.3),有助於
aim,(v.3),"瞄準,對準"
alarm,(v.5),向...報警;使驚慌不安
amount,(v.6),"合計,共計"
apply,(v.5),"塗,敷;應用"
argue,(v.5),爭論
arm,(v.3),"用武器裝備;提供,配備; 武裝起來"
arrange,(v.7),排列;整理
arrest,(v.6),逮捕;拘留
arrive,(v.6),到達
attack,(v.6),進攻;襲擊
attend,(v.6),"出席,參加;照料;伴隨"
avoid,(v.5),避免
baby-sit,(v.8),當臨時保姆
bake,(v.4),烘;烤
barbecue,(v.8),"(在戶外)烤,炙(肉類)"
bark,(v.4),狗叫
battle,(v.6),與...作戰
BBQ,(v.3),烤肉 barbecue
bead,(v.4),用珠裝飾
bear,(v.4),承受
beep,(v.4),作嗶嗶聲;吹警笛
beg,(v.3),乞討;懇求
belt,(v.4),用皮帶抽打;環繞;猛擊
bend,(v.4),折彎;轉彎
bet,(v.3),以(錢;物等)打賭
bill,(v.4),記入帳
bind,(v.4),捆;綁
blind,(v.5),"使看不見,使失明;使失去理智"
board,(v.5),上車;上船
boil,(v.4),(水等)沸騰;開;滾
bomb,(v.4),"轟炸,投彈;慘敗"
borrow,(v.6),借
boss,(v.4),指揮;作威作福
bother,(v.6),煩擾
bottle,(v.6),"把...裝入瓶中;約束,抑制(感情);隱藏"
bow,(v.3),鞠躬
branch,(v.6),出枝;分支;分岔
brand,(v.5),印...商標於
brief,(v.5),簡報;作...的提要
broadcast,(v.9),廣播
brush,(v.5),刷
burn,(v.4),燒;燙傷
burst,(v.5),爆開;闖入
button,(v.6),扣鈕扣
cable,(v.5),發越洋電報
calm,(v.4),變安靜;使鎮定
cancel,(v.6),取消
carpet,(v.6),在...上鋪地毯;斥責
cart,(v.4),用運貨車裝運
cartoon,(v.7),畫漫畫;畫草圖
cash,(v.4),兌現
cave,(v.4),"塌落,倒坍"
chalk,(v.5),使變白;畫出...的草圖;規劃;記下
change,(v.6),改變;更改
charge,(v.6),索價;充電
cheat,(v.5),欺騙;作弊
choose,(v.6),選擇;挑選
circle,(v.6),畫圓圈;圈出;盤旋;流傳
claim,(v.5),聲稱
clap,(v.4),拍(手);鼓(掌)
claw,(v.4),用爪子抓
clothe,(v.6),給...穿衣;為...提供衣服
clown,(v.5),開玩笑;裝傻
club,(v.4),募集;捐獻;集資;聯合起來
coach,(v.5),"訓練,指導,輔導;乘馬車旅行"
coin,(v.4),"鑄造(貨幣);創造,杜撰(新詞等)"
collect,(v.7),收集
comb,(v.4),用梳子梳理
compare,(v.7),比較
complain,(v.8),抱怨
complete,(v.8),完成
confirm,(v.7),確認
conflict,(v.8),"矛盾,衝突"
consider,(v.8),考慮
contact,(v.7),接觸;聯繫
contain,(v.7),包含;容納
control,(v.7),控制
copy,(v.4),拷貝;抄襲
cough,(v.5),咳嗽
couple,(v.6),連接;結合;成婚;交配
court,(v.5),向...獻殷勤;追求;引誘;求婚
crane,(v.5),伸(頸)
create,(v.6),創造
crop,(v.4),收成
cross,(v.5),越過;渡過
crow,(v.4),"得意洋洋,幸災樂禍"
crowd,(v.5),擠滿;聚集
cure,(v.4),治癒
curtain,(v.7),"(用簾子)遮掉,隔開"
damage,(v.6),損害
dawn,(v.4),"破曉, 頓悟"
debate,(v.6),辯論
decorate,(v.8),佈置
delay,(v.5),延緩;使延期
deliver,(v.7),"遞送;發表,講;給……接生"
deny,(v.4),"否定,否認"
depend,(v.6),依賴
describe,(v.8),描述
desert,(v.6),遺棄;離棄;逃跑
design,(v.6),設計
desire,(v.6),渴望;要求;想與...發生性關係
detect,(v.6),查出
develop,(v.7),發展
dial,(v.4),撥(電話號碼)
disagree,(v.8),"不一致,不符"
disappear,(v.9),消失
discuss,(v.7),討論
display,(v.7),陳列;展出
distance,(v.8),使疏遠
divide,(v.6),分開;除以
dot,(v.3),"點綴; 打點,加點"
double,(v.6),加倍
doubt,(v.5),懷疑
drag,(v.4),"拉,拖"
dress,(v.5),穿著
drop,(v.4),(使)滴落;丟下
drug,(v.4),使服麻醉藥;使服毒品
drum,(v.4),打鼓;咚咚地敲
dull,(v.4),弄鈍;使不活躍;減少;減輕
earn,(v.4),賺到
effect,(v.6),造成;招致
elect,(v.5),選出
encourage,(v.9),鼓勵;助長
enjoy,(v.5),喜歡;享受
excite,(v.6),使興奮;使激動
excuse,(v.6),原諒;借光
exercise,(v.8),"鍛鍊;操練;練習;運用,行使"
exist,(v.5),存在
expect,(v.6),期待
experience,(v.10),經歷;感受
explain,(v.7),解釋
express,(v.7),表示
fail,(v.4),失敗;不及格
fault,(v.5),挑...的毛病;產生斷層
favor,(v.5),"支持,擁護;有利於"
fence,(v.5),用柵(或籬)圍起來;防護;保衛
figure,(v.6),估計;描繪
film,(v.4),把...拍成電影;生薄膜
firm,(v.4),使穩固;使牢固;變堅實
fit,(v.3),合身;適合
fix,(v.3),修理
flag,(v.4),"打旗號表示;衰退,低落"
flash,(v.5),使閃光;使閃爍
flat,(v.4),使變平;降半音
flood,(v.5),淹沒;使泛濫
flour,(v.5),撒粉於;把...磨成粉
flow,(v.4),(河水等)流動
flute,(v.5),用長笛奏(樂曲)
focus,(v.5),集中
fool,(v.4),愚弄
forgive,(v.7),原諒
form,(v.4),形成
forward,(v.7),轉遞
frighten,(v.8),害怕;吃驚
function,(v.8),起作用
further,(v.7),更遠地;進一步地;促進;助長
gain,(v.4),得到;增進
garage,(v.6),把(汽車等)送入車庫(或修理廠)
gather,(v.6),集合
glue,(v.4),黏住;緊附
golf,(v.4),打高爾夫球
govern,(v.6),統治;管理
grade,(v.5),將...分等級;將...分類
greet,(v.5),問候;致敬
guard,(v.5),保衛;看守
hammer,(v.6),敲打
handle,(v.6),處理;搬弄
hang,(v.4),把…掛起;吊
hide,(v.4),躲;隱藏
hire,(v.4),雇用
hop,(v.3),單足跳
hum,(v.3),哼曲子
humble,(v.6),使謙卑;使威信掃地
hunt,(v.4),追獵
hurry,(v.5),趕快
ignore,(v.6),不理睬
imagine,(v.7),想像
improve,(v.7),改善
include,(v.7),包含
increase,(v.8),增加
indicate,(v.8),指出
influence,(v.9),"影響,感化;左右"
ink,(v.3),用墨水寫;簽署;簽訂(合同等)
insist,(v.6),堅持
instance,(v.8),舉...為例;引證
interview,(v.9),面談;採訪
introduce,(v.9),介紹
invent,(v.6),發明
invite,(v.6),邀請
jam,(v.3),擠;夾傷
jazz,(v.4),使活潑;奏爵士樂;遊蕩
jog,(v.3),慢跑
joint,(v.5),"連接,接合"
judge,(v.5),判斷;審判
knock,(v.5),敲
lend,(v.4),出借
lick,(v.4),舔
limit,(v.5),限定
link,(v.4),聯繫
locate,(v.6),把...設置在;使...座落於
lock,(v.4),鎖住
log,(v.3),伐(林木);把...記入航海日誌
lose,(v.4),輸;失去
lower,(v.5),"放下,降下;放低;減低;減弱"
maintain,(v.8),維持;保養
mark,(v.4),做記號
mask,(v.4),在(臉上)戴面具;掩飾
match,(v.5),相配
mate,(v.4),使交配
measure,(v.7),計量
mine,(v.4),開礦;佈雷;破壞
mirror,(v.6),"反映,反射"
mix,(v.3),混合
model,(v.5),塑像;當模特兒
motion,(v.6),"打手勢;搖(或點)頭示意;擺動,走"
multiply,(v.8),"乘,使相乘"
nail,(v.4),"將...釘牢;捕獲;揭露;擊,打"
narrow,(v.6),變窄;收縮;減少
needle,(v.6),"(用話)刺激,挑逗;用針縫"
neighbor,(v.8),與...為鄰
nest,(v.4),築巢;巢居;伏窩
net,(v.3),用網捕;使淨賺
nod,(v.3),點頭
obey,(v.4),服從
object,(v.6),反對
occur,(v.5),發生;出現
offer,(v.5),提供
omit,(v.4),略過
operate,(v.7),運作;運轉;動手術
organize,(v.8),使有條理;安排
pack,(v.4),包裝
package,(v.7),把...打包;包裝
pain,(v.4),"使煩惱,使痛苦;使疼痛"
pardon,(v.6),寬恕
parrot,(v.6),機械地模仿
paste,(v.5),黏貼
pat,(v.3),"輕拍,撫拍"
pattern,(v.7),"仿造,模仿"
pepper,(v.6),加胡椒粉於;使佈滿;嚴懲
perfect,(v.7),使完美;做完
phone,(v.5),打電話
photo,(v.5),給...拍照; 拍照;在照片上顯得
photograph,(v.10),拍照
phrase,(v.6),"用言語表達,用(詞)"
pick,(v.4),採收;撿起;選
picnic,(v.6),"去野餐,參加野餐;在戶外用餐"
pile,(v.4),堆起
pillow,(v.6),枕著頭;靠
pin,(v.3),釘住;壓住;按住;把...歸罪於
pipe,(v.4),用管道輸送;吹奏管樂;尖聲叫嚷
pitch,(v.5),搭(帳篷);紮(營);為...定調
plate,(v.5),鍍;電鍍
poison,(v.6),"放毒,下毒"
pose,(v.4),擺姿勢
post,(v.4),郵寄;登入(分類帳等);發表
pot,(v.3),把...放在罐(或鍋)裡;亂射
pound,(v.5),敲打;(心等)劇跳;腳步沈重地走
praise,(v.6),讚美
pray,(v.4),禱告
prefer,(v.6),更喜歡
present,(v.7),提出
press,(v.5),"壓,擠;催逼"
pride,(v.5),"使得意,以...自豪"
prize,(v.5),"重視,珍視;估價"
produce,(v.7),製造;出產
progress,(v.8),"前進;進行;上進,提高,進步"
project,(v.7),"計劃;企劃;突出,伸出;投射"
promise,(v.7),答應
pronounce,(v.9),發...音
propose,(v.7),提議
protect,(v.7),保護
provide,(v.7),供應
pump,(v.4),跳動;使用唧筒
punish,(v.6),處罰
puzzle,(v.6),使迷惑
quarter,(v.7),把...四等分;供...住宿;;駐紮
quit,(v.4),放棄;離職
quiz,(v.4),"挖苦,嘲弄;考問"
range,(v.5),排列
realize,(v.7),認知;實現
record,(v.6),記錄;錄音
refuse,(v.6),拒絕
regard,(v.6),把...看作;尊重
reject,(v.6),拒絕
repeat,(v.6),重複
reply,(v.5),回答
require,(v.7),需要
respect,(v.7),尊敬
result,(v.6),"發生,產生;結果;導致"
review,(v.6),溫習;回顧
rock,(v.4),搖動
rush,(v.4),催促;急送
sample,(v.6),取...的樣品;抽樣檢查
sandwich,(v.8),"將..夾在中間,擠進"
satisfy,(v.7),使滿意
sauce,(v.5),給...加調味汁
score,(v.5),得分
screen,(v.6),篩選;放映電影
search,(v.6),搜尋;搜查
section,(v.7),把...分成段(或組等);將...切片
select,(v.6),挑選
separate,(v.8),分隔
settle,(v.6),安放;安頓;解決(問題等)
share,(v.5),分享
shell,(v.5),剝...的殼;砲轟;射擊
shock,(v.5),使震動
shoot,(v.5),注射;射擊;拍攝
shower,(v.6),傾注;洗淋浴
sign,(v.4),簽字;做信號
silence,(v.7),使沈默;使啞口無言;使安靜
single,(v.6),"選出,挑出;擊出一壘安打"
sink,(v.4),沉下;陷於
skirt,(v.5),"繞開,避開"
slide,(v.5),滑壘滑動
slim,(v.4),"減肥;減少,縮減"
slip,(v.4),滑動;鬆脫
snack,(v.5),吃快餐;吃點心
solve,(v.5),解決
sort,(v.4),把...分類
speed,(v.5),加速;促進
spot,(v.4),沾污;察出
spread,(v.6),展開;散布
spring,(v.6),彈開;湧現;源(於)
stage,(v.5),上演;籌劃;發動
stamp,(v.5),頓足;蓋印
steal,(v.5),偷竊
steam,(v.5),蒸
steel,(v.5),鋼化;給...包上鋼
stick,(v.5),黏貼;刺;戮;釘住;插牢;堅持
storm,(v.5),猛攻
stream,(v.6),流;蜂擁而進
stress,(v.6),強調
stretch,(v.7),"舒展肢體,伸懶腰"
strike,(v.6),打擊;(鐘)敲響
string,(v.6),"(用線,繩)縛,紮,掛"
struggle,(v.8),掙扎;對抗
subtract,(v.8),"減,減去"
succeed,(v.7),成功
suit,(v.4),適合;相稱;彼此協調
supply,(v.6),"供給,供應"
support,(v.7),支持
surface,(v.7),"顯露,呈現;起床,露面"
survive,(v.7),在...之後仍然活著
swallow,(v.7),吞嚥
sweep,(v.5),掃
swing,(v.5),搖擺;揮動
tape,(v.4),用帶子捆紮;用錄音帶為...錄音(或影)
target,(v.6),把...作為目標(或對象)
task,(v.4),派給...任務;要...做一項工作
team,(v.4),使合作;結成一隊
tear,(v.4),撕
telephone,(v.9),"打電話,通電話"
term,(v.4),"把...稱為,把...叫做"
test,(v.4),試驗;測驗
thumb,(v.5),用拇指翻動;迅速翻閱;豎起拇指要求搭車
thunder,(v.7),打雷;大聲斥責;威嚇
tip,(v.3),給小費;使傾斜
title,(v.5),加標題於;授頭銜於
toast,(v.5),烤;乾杯
toe,(v.3),用腳尖走(或站)
tongue,(v.6),舔;用舌吹(管樂器);發(音)
tour,(v.4),帶...作巡迴演出
towel,(v.5),用毛巾擦
tower,(v.5),"高聳,屹立;勝過;高飛,翱翔"
track,(v.5),跟蹤;沿著(道路)走
trade,(v.5),"交換; 做買賣,進行交易"
traffic,(v.7),"在...上通行;交易,來來往往"
trap,(v.4),設陷阱
travel,(v.6),旅行
treasure,(v.8),珍愛
treat,(v.5),對待;治療
trick,(v.5),欺騙
truck,(v.5),用卡車運送
trumpet,(v.7),吹喇叭
trust,(v.5),信任
tunnel,(v.6),挖掘隧道
type,(v.4),打字
uniform,(v.7),使成一樣;使一律化
vacation,(v.8),度假
value,(v.5),"估價,評價;尊重;重視"
vote,(v.4),投票
wake,(v.4),叫醒
wave,(v.4),揮動
wed,(v.3),娶;嫁
wet,(v.3),"把...淋濕,打濕,弄濕;尿濕"
wheel,(v.5),"旋轉,轉動"
whisper,(v.7),"低語,耳語"
widen,(v.5),加寬;擴大
wing,(v.4),在...裝翼;飛行
wire,(v.4),用金屬絲縛;拍電報
wonder,(v.6),納悶
wound,(v.5),傷害
abroad,(adv.6),在國外
alike,(adv.5),"一樣地,相似地"
aloud,(adv.5),大聲地
altogether,(adv.10),完全地;總共
anyhow,(adv.6),"無論如何,總之"
anyplace,(adv.8),任何地方(=anywhere)
anytime,(adv.7),在任何時候
anyway,(adv.6),不管怎樣
anywhere,(adv.8),任何地方
backward,(adv.8),向後地;落後地
backwards,(adv.9),"向後;倒,逆;往回,向原處"
besides,(adv.7),並且
beyond,(adv.6),在更遠處
cheap,(adv.5),便宜地;卑鄙地
daily,(adv.5),每日
double,(adv.6),雙倍地;加倍地;雙重地
downtown,(adv.8),往城市商業區
especially,(adv.10),特別地
express,(adv.7),用快遞;由直達快車;特意地
extra,(adv.5),"額外地;另外;特別地,非常地"
fair,(adv.4),"公平地,公正地;正面地"
firm,(adv.4),穩固地;牢固地
flat,(adv.4),"平直地,仰臥地;恰恰,正好;斷然地"
forward,(adv.7),向前地
forwards,(adv.8),"向前;往後,今後;提前地"
further,(adv.7),而且;再者
hardly,(adv.6),"幾乎不,簡直不"
however,(adv.7),"無論如何,不管怎樣"
ill,(adv.3),惡劣地;困難地;不利地
increasingly,(adv.12),漸增地
nearby,(adv.6),在附近
nearly,(adv.6),"幾乎,差不多;密切地,親密地"
neither,(adv.7),也不
none,(adv.4),"毫不,決不"
overseas,(adv.8),在海外
rather,(adv.6),寧可;頗為
simply,(adv.6),"簡單地,簡易地;簡明地;只不過"
somewhere,(adv.9),在某處
straight,(adv.8),"直,挺直地;正直地;立刻"
therefore,(adv.9),因此
through,(adv.7),"穿過,通過;從頭至尾;(電話)接通"
throughout,(adv.10),處處;始終;在所有方面
whenever,(adv.8),無論什麼時候
wherever,(adv.8),無論什麼地方
wild,(adv.4),狂暴地;無控制地;胡亂地
within,(adv.6),在內部
without,(adv.7),在沒有(或缺少)的情況下
besides,(prep.7),除...之外
beyond,(prep.6),越出;晚於;在...那一邊
following,(prep.9),在...以後
minus,(prep.5),減（去）
per,(prep.3),"經,由;每;按照"
plus,(prep.4),加(上)
through,(prep.7),經過
throughout,(prep.10),遍及
upon,(prep.4),在...之上
within,(prep.6),在…裡; 不超過
without,(prep.7),沒有
worth,(prep.5),值得(做...)
although,(conj.8),雖然
neither,(conj.7),也不
whenever,(conj.8),無論什麼時候;每當
wherever,(conj.8),無論在哪裡
ability,(n.7),能力;專門技能
absence,(n.7),缺席
addition,(n.8),加;附加
advance,(n.7),前進;發展;預付
affair,(n.6),事件;風流韻事;喜慶活動
aid,(n.3),幫助;助手;助聽器
aim,(n.3),"目標,目的"
aircraft,(n.8),航空器;飛機
airline,(n.7),航空公司
alarm,(n.5),警鈴;警報;驚慌
album,(n.5),相簿;集郵簿;唱片集
almond,(n.6),杏仁
alphabet,(n.8),字母
amount,(n.6),總數
ankle,(n.5),腳踝
apartment,(n.9),公寓
appearance,(n.10),出現;顯露;外貌
appetite,(n.8),"胃口,食慾"
apron,(n.5),圍裙;工作裙
argument,(n.8),爭論
armchair,(n.8),扶手椅子
arrangement,(n.11),安排;準備工作
arrest,(n.6),逮捕;遏止
arrow,(n.5),箭;箭號
artist,(n.6),藝術家
assistant,(n.9),助手
attack,(n.6),攻擊
attention,(n.9),注意;專心
baby-sitter,(n.11),保姆
bakery,(n.6),麵包店
balcony,(n.7),陽臺
bamboo,(n.6),竹子
banker,(n.6),銀行家;莊家
barbecue,(n.8),烤肉
bark,(n.4),吠聲
basement,(n.8),地下室
basics,(n.6),基礎;基本原理(或原則)
basis,(n.5),基礎
battle,(n.6),戰鬥;戰役
bead,(n.4),有孔小珠
bean,(n.4),豆莢;豆子
beard,(n.5),鬍子
bedroom,(n.7),臥房
beef,(n.4),牛肉
beep,(n.4),嗶嗶的聲音
beer,(n.4),啤酒
beetle,(n.6),甲蟲
beginner,(n.8),新手
belief,(n.6),相信;信仰
belt,(n.4),腰帶
bench,(n.5),長凳;長椅
bend,(n.4),彎;曲;俯
bet,(n.3),打賭
bill,(n.4),帳單; 鈔票
blackboard,(n.10),黑板
blank,(n.5),空白
board,(n.5),木板;膳食;車上;船上; 董事會
boil,(n.4),沸騰;煮沸;翻滾
bomb,(n.4),炸彈
bookcase,(n.8),書架
boss,(n.4),老闆
bother,(n.6),"煩惱,麻煩;使人煩惱的人(或事物)"
bottle,(n.6),瓶子
bow,(n.3),弓
bowling,(n.7),保齡球戲
brain,(n.5),"腦;智力,頭腦"
branch,(n.6),樹枝;支部
brand,(n.5),商標
brick,(n.5),磚塊
brief,(n.5),概要;訴書;短而緊的內褲;簡報
broadcast,(n.9),廣播;廣播節目;散佈;播種
brunch,(n.6),早午餐
brush,(n.5),刷子
bun,(n.3),小圓麵包
bundle,(n.6),捆;大量
burger,(n.6),漢堡牛肉餅
burn,(n.4),灼傷
burst,(n.5),爆炸;破裂;缺口
business,(n.8),商業;事
button,(n.6),鈕扣
cabbage,(n.7),包心菜
cable,(n.5),纜索;有線電視
café,(n.4),小餐館;咖啡廳
cafeteria,(n.9),自助餐館
calendar,(n.8),日曆;月曆;行事曆
calm,(n.4),安靜;鎮定;平靜;無風
cancer,(n.6),癌症
candle,(n.6),蠟燭
captain,(n.7),隊長;機長;艦長
carpet,(n.6),地毯
carrot,(n.6),胡蘿蔔
cart,(n.4),手推車
cartoon,(n.7),卡通
cash,(n.4),現款
cassette,(n.8),卡式磁帶
castle,(n.6),城堡
catsup,(n.6),果醬;番茄醬
cave,(n.4),"洞穴,洞窟"
ceiling,(n.7),天花板
cell,(n.4),單人牢房;細胞;蜂房的巢室;電池
century,(n.7),一世紀
cereal,(n.6),麥片
chalk,(n.5),粉筆
change,(n.6),零錢
character,(n.9),特性;角色;(中文)字
charge,(n.6),費用;充電
cheat,(n.5),"騙子;欺詐,欺騙,作弊"
chemical,(n.8),化學製品;化學藥品
chess,(n.5),西洋棋
chin,(n.4),下巴
chocolate,(n.9),巧克力
choice,(n.6),選擇
chopstick,(n.9),筷子
circle,(n.6),圓圈;集團
citizen,(n.7),市民;公民
claim,(n.5),"主張,斷言"
clap,(n.4),拍手喝采(聲);霹靂聲;輕拍
classic,(n.7),古典著作
claw,(n.4),"(動物的)爪,腳爪;(蟹,蝦等的)鉗,螯"
clay,(n.4),黏土
cleaner,(n.7),清潔工;乾洗店;吸塵器;清潔劑
clerk,(n.5),店員;辦事員;職員
climate,(n.7),氣候
closet,(n.6),壁櫥;衣櫥
cloth,(n.5),"布;(棉,毛,合成纖維等)織物;衣料"
clothes,(n.7),衣服
clothing,(n.8),"(總稱)衣服,衣著"
clown,(n.5),"小丑,丑角"
club,(n.4),俱樂部;夜總會;社團
coach,(n.5),教練
coal,(n.4),煤
cock,(n.4),公雞
cockroach,(n.9),蟑螂
coin,(n.4),硬幣
comb,(n.4),梳子
company,(n.7),公司
completion,(n.10),"完成,實現"
computer,(n.8),電腦
conflict,(n.8),"抵觸,不一致"
Confucius,(n.9),孔子
congratulation,(n.14),祝賀
contact,(n.7),接觸;隱形眼鏡
control,(n.7),支配;控制;操縱裝置;指揮部
controller,(n.10),主計官;主管;控制器
conversation,(n.12),會話
cooker,(n.6),"炊具,烹調器具"
copy,(n.4),拷貝;副本
corner,(n.6),角落
cotton,(n.6),棉花
cough,(n.5),咳嗽
countryside,(n.11),"鄉間,農村"
county,(n.6),郡
couple,(n.6),一對
courage,(n.7),勇氣
court,(n.5),法庭；(網球等的)場地
cousin,(n.6),表(堂)兄弟姊妹
crab,(n.4),螃蟹
crane,(n.5),"起重機,吊車"
crayon,(n.6),蠟筆
cream,(n.5),奶油
crime,(n.5),犯罪
crisis,(n.6),危機;緊急關頭
crop,(n.4),作物
cross,(n.5),十字架
crowd,(n.5),群眾
culture,(n.7),文化
cure,(n.4),痊癒
curtain,(n.7),窗簾;(舞臺上的)幕
custom,(n.6),習俗
customer,(n.8),顧客
daily,(n.5),日報
damage,(n.6),損害
data,(n.4),"資料,數據"
dawn,(n.4),黎明
debate,(n.6),辯論
debt,(n.4),"債,借款"
decision,(n.8),決定
degree,(n.6),程度
delay,(n.5),延遲;耽擱
dentist,(n.7),牙醫
department,(n.10),部門
depth,(n.5),"深度,厚度"
desert,(n.6),沙漠;(常複數)賞罰;(尤指)懲罰
design,(n.6),圖案;設計
desire,(n.6),渴望
dessert,(n.7),餐後甜點
development,(n.11),生長;發展
dew,(n.3),露水;朝氣
dial,(n.4),刻度盤;調節器;撥號盤
diamond,(n.7),鑽石
diary,(n.5),日記
dictionary,(n.10),字典
difference,(n.10),差別
difficulty,(n.10),困難
dinosaur,(n.8),恐龍
direction,(n.9),方向; 指示
director,(n.8),董事;局長;主任;導演
disagreement,(n.12),意見不一;不一致
discussion,(n.10),討論
display,(n.7),"展覽,陳列"
distance,(n.8),距離
divide,(n.6),"分歧,不和;分水嶺"
division,(n.8),區域;部分;除(法)
dolphin,(n.7),海豚
donkey,(n.6),驢子
dot,(n.3),點;小圓點
double,(n.6),兩倍
doubt,(n.5),懷疑
doughnut,(n.8),油炸圈餅
downtown,(n.8),城市商業區
drag,(n.4),拖曳
dragon,(n.6),龍
dragonfly,(n.9),蜻蜓
drama,(n.5),戲劇
drawer,(n.6),抽屜
drawing,(n.7),"描繪,素描;製圖;抽籤;提款"
dress,(n.5),洋裝
drop,(n.4),(一)滴;點滴;空投;點藥水
drug,(n.4),藥品;毒品
drugstore,(n.9),(常兼售雜貨的)藥房
drum,(n.4),鼓
dryer,(n.5),烘衣機
dumpling,(n.8),餃子
duty,(n.4),義務;關稅
earthquake,(n.10),地震
education,(n.9),教育
effect,(n.6),效力;作用
effort,(n.6),努力
elder,(n.5),長輩
element,(n.7),"要素,成分"
elevator,(n.8),電梯;升降機
emotion,(n.7),情緒
encouragement,(n.13),鼓勵;獎勵;促進
ending,(n.6),"結局,結尾;終結;字尾"
enemy,(n.5),敵人
energy,(n.6),精力;能量
enjoyment,(n.9),"樂趣,享受"
entrance,(n.8),入口
envelope,(n.8),信封
environment,(n.11),環境
eraser,(n.6),橡皮擦
error,(n.5),錯誤
event,(n.5),事件
excitement,(n.10),"刺激;興奮,激動"
excuse,(n.6),藉口
exercise,(n.8),運動;習題
experience,(n.10),經驗
expert,(n.6),專家;能手
express,(n.7),快車;快遞;快運
extra,(n.5),附加的人物或錢;號外
eyebrow,(n.7),"眉,眉毛"
fail,(n.4),不及格
failure,(n.7),失敗
fair,(n.4),商品展覽會
fault,(n.5),過錯
favor,(n.5),偏愛;偏袒
favorite,(n.8),特別喜愛的人(或物)
fee,(n.3),費用
fellow,(n.6),伙伴;同事
female,(n.6),雌性動物
fence,(n.5),柵欄;籬笆
festival,(n.8),節日
fever,(n.5),發燒
field,(n.5),原野;田賽場地;野外
fighter,(n.7),"戰士,鬥士"
figure,(n.6),外形;數字;圖表;(溜冰等)花式
film,(n.4),膠捲;影片
fireman,(n.7),消防隊員
firewoman,(n.9),女消防隊員
fisherman,(n.9),漁夫
fit,(n.3),適合;合身
fix,(n.3),困境;窘境;賄賂;定位
flag,(n.4),旗子
flash,(n.5),"閃光,閃爍"
flashlight,(n.10),手電筒
flat,(n.4),平坦部分
flight,(n.6),飛行
flood,(n.5),"洪水,水災"
flour,(n.5),麵粉
flow,(n.4),流動
flu,(n.3),流行性感冒
flute,(n.5),橫笛
focus,(n.5),焦點
following,(n.9),一批追隨者;下列事物(或人員)
fool,(n.4),呆子
football,(n.8),美式足球
foreigner,(n.9),外國人
form,(n.4),形態;表格
forward,(n.7),前鋒
fox,(n.3),狐狸
freedom,(n.7),自由
freezer,(n.7),冰箱的冷凍部;冷凍箱
fridge,(n.6),電冰箱
fright,(n.6),"驚嚇,恐怖"
function,(n.8),"功能,作用;函數"
future,(n.6),未來
gain,(n.4),獲得;增加;獲利;收益
garage,(n.6),車庫
garbage,(n.7),垃圾
gardener,(n.8),園丁;花匠
gate,(n.4),柵門;登機門
general,(n.7),將軍
gentleman,(n.9),紳士
geography,(n.9),地理
giant,(n.5),巨人
giraffe,(n.7),長頸鹿
glove,(n.5),手套
glue,(n.4),膠;膠水
goal,(n.4),目標;球門
goat,(n.4),山羊
golf,(n.4),高爾夫球
government,(n.10),政府
grade,(n.5),年級;分數
grape,(n.5),葡萄
growth,(n.6),成長;發育;增大
guard,(n.5),警衛
guava,(n.5),番石榴
guitar,(n.6),吉他
guy,(n.3),傢伙;人
habit,(n.5),習慣
hall,(n.4),大廳;講堂
hamburger,(n.9),漢堡
hammer,(n.6),鎚
handkerchief,(n.12),手帕
handle,(n.6),把手
hanger,(n.6),衣架
heater,(n.6),暖氣機
height,(n.6),高度
hen,(n.3),母雞
hero,(n.4),英雄
heroine,(n.7),"女英雄,女傑"
highway,(n.7),公路;幹道
hip,(n.3),臀部
hippo,(n.5),河馬
hippopotamus,(n.12),河馬
hire,(n.4),"租用,雇用"
hobby,(n.5),嗜好
holder,(n.6),持有者;支托物
honey,(n.5),蜂蜜;心愛的人
hop,(n.3),單足跳;跳躍;麻藥(尤指鴉片)
hospital,(n.8),醫院
host,(n.4),主人
hostess,(n.7),女主人
hotel,(n.5),旅館
hum,(n.3),嗡嗡聲
humor,(n.5),幽默
hunger,(n.6),饑餓
hunt,(n.4),打獵;搜尋
hunter,(n.6),獵人
hurry,(n.5),匆忙
icebox,(n.6),冷藏庫;冰箱
ill,(n.3),不幸;禍害
importance,(n.10),重要性
improvement,(n.11),"改進,改善"
income,(n.6),收入
increase,(n.8),增加;增強
independence,(n.12),獨立;自主;自立
industry,(n.8),企業;行業
influence,(n.9),影響
ink,(n.3),墨水
insect,(n.6),昆蟲
instance,(n.8),例子
instant,(n.7),瞬間
instrument,(n.10),儀器
interview,(n.9),面談;採訪
invitation,(n.10),邀請
island,(n.6),島嶼
item,(n.4),項目;品目
jacket,(n.6),夾克;外套
jam,(n.3),果醬;擁塞
jazz,(n.4),爵士樂
jeans,(n.5),牛仔褲
jeep,(n.4),吉普車
jog,(n.3),輕推;輕撞;慢跑;緩行;暗示
joint,(n.5),"接頭,接縫;關節"
judge,(n.5),法官
judgement,(n.9),審判; 裁判;評價
judgment,(n.8),審判;裁判;判斷力
ketchup,(n.7),番茄醬
kindergarten,(n.12),幼稚園
kingdom,(n.7),王國
knock,(n.5),"敲;擊,打;指摘,挑剔"
knowledge,(n.9),學問;知識
koala,(n.5),澳洲產無尾熊
ladybird,(n.8),瓢蟲
ladybug,(n.7),瓢蟲
lane,(n.4),"巷,弄;車道"
language,(n.8),語言
lantern,(n.7),燈籠
lap,(n.3),"膝部;(衣,裙等的)下襬"
lawyer,(n.6),律師
leadership,(n.10),領導才能
lemon,(n.5),檸檬
lemonade,(n.8),檸檬水
length,(n.6),"(距離,尺寸的)長度"
leopard,(n.7),豹;美洲豹
lettuce,(n.7),類似萵苣的生菜
library,(n.7),圖書館
lick,(n.4),"舔,舐;少量"
lid,(n.3),蓋子
lightning,(n.9),閃電
limit,(n.5),限度
link,(n.4),環節
liquid,(n.6),液體
listener,(n.8),傾聽者
loaf,(n.4),一條(麵包)
local,(n.5),當地居民
lock,(n.4),鎖
log,(n.3),原木;木料;工作記錄簿
loser,(n.5),輸家
loss,(n.4),損失
lover,(n.5),情人
luck,(n.4),好運;幸運
magazine,(n.8),雜誌
magic,(n.5),魔術
magician,(n.8),魔術師
main,(n.4),總管道;主要部分;要點
male,(n.4),雄性動物
Mandarin,(n.8),中國的官話(北京話)
mango,(n.5),芒果
manner,(n.6),舉止;態度
mark,(n.4),記號
marriage,(n.8),"結婚,婚姻"
mask,(n.4),面具
mass,(n.4),團;塊
mat,(n.3),蓆子;墊子
match,(n.5),"比賽,競賽;對手;相配者;火柴"
mate,(n.4),"同伴,伙伴"
meal,(n.4),餐
meaning,(n.7),意義
means,(n.5),"手段,方法;工具;收入"
measurement,(n.11),測量法;測定;尺寸
medicine,(n.8),藥
meeting,(n.7),集會
melody,(n.6),旋律;主調
melon,(n.5),"瓜,甜瓜"
member,(n.6),會員
memory,(n.6),記憶
menu,(n.4),菜單
message,(n.7),消息;音信
metal,(n.5),金屬
meter,(n.5),公尺;計量器
method,(n.6),方法
metro,(n.5),地下鐵道
military,(n.8),軍隊
million,(n.7),百萬
mine,(n.4),我的東西;礦;源泉;地雷;坑道
minus,(n.5),負號
mirror,(n.6),鏡子
mix,(n.3),"混和,攪和;結合"
model,(n.5),模型;模特兒
monster,(n.7),怪物
mosquito,(n.8),蚊子
moth,(n.4),"蛾;蠹,蛀蟲"
motion,(n.6),移動
motorcycle,(n.10),機車
mule,(n.4),騾;固執的人
museum,(n.6),博物館
musician,(n.8),音樂家
nail,(n.4),釘子;指甲
napkin,(n.6),餐巾
necklace,(n.8),項鍊
needle,(n.6),針
negative,(n.8),否定語;負數;陰電;底片
neighbor,(n.8),鄰居
nephew,(n.6),侄子;外甥
nest,(n.4),巢
net,(n.3),網子
niece,(n.5),侄女;外甥女
nobody,(n.6),無名小子
nod,(n.3),點頭
noodle,(n.6),麵
notebook,(n.8),筆記本
novel,(n.5),小說
nut,(n.3),核果
object,(n.6),物件
offer,(n.5),"提供,提議;出價;報價"
official,(n.8),"官員,公務員"
onion,(n.5),洋蔥
opinion,(n.7),意見
organ,(n.5),器官
organization,(n.12),組織
oven,(n.4),烤箱
overpass,(n.8),天橋
owl,(n.3),貓頭鷹
owner,(n.5),物主
ox,(n.2),公牛
pack,(n.4),一小包
package,(n.7),包裹
pain,(n.4),疼痛;痛苦
painter,(n.7),油漆匠;畫家
painting,(n.8),"油畫,水彩畫"
pajamas,(n.7),睡衣
palm,(n.4),"手掌,手心"
pan,(n.3),平鍋
panda,(n.5),貓熊
papaya,(n.6),木瓜
pardon,(n.6),"原諒,饒恕,寬恕;赦免"
parrot,(n.6),鸚鵡
partner,(n.7),夥伴
passenger,(n.9),乘客
paste,(n.5),漿糊
pat,(n.3),"輕拍,輕打"
path,(n.4),小徑;路線
patient,(n.7),病人
pattern,(n.7),圖案;模式
peace,(n.5),和平
peach,(n.5),桃子
peanut,(n.6),花生;花生果;花生米
pear,(n.4),梨子
penguin,(n.7),企鵝
pepper,(n.6),胡椒;辣椒
perfect,(n.7),完成式
period,(n.6),一段時間;一堂課
phone,(n.5),電話
photo,(n.5),相片
photograph,(n.10),照片
photographer,(n.12),"攝影師,照相師"
phrase,(n.6),"片語,詞組"
pick,(n.4),"精華,最好的部分;收穫(量)"
picnic,(n.6),野餐
pigeon,(n.6),鴿子
pile,(n.4),一堆
pillow,(n.6),枕頭
pin,(n.3),大頭針;胸針
pineapple,(n.9),鳳梨
ping-pong,(n.9),"乒乓球,桌球"
pink,(n.4),粉紅色
pipe,(n.4),管子
pitch,(n.5),投;投球;音高
pizza,(n.5),披薩
plain,(n.5),平原
planet,(n.6),行星
plate,(n.5),盤;碟
platform,(n.8),月台;平台
pleasure,(n.8),愉快
plus,(n.4),正號
poem,(n.4),詩
poet,(n.4),詩人
poison,(n.6),毒物
policy,(n.6),政策;策略
population,(n.10),人口
pork,(n.4),豬肉
port,(n.4),港
pose,(n.4),姿勢;裝腔作勢
positive,(n.8),正面;正數;正片;(電池的)陽極
possibility,(n.11),可能性
post,(n.4),郵件;柱;樁;崗位;站;交易所
postcard,(n.8),明信片
pot,(n.3),罐;鍋
potato,(n.6),馬鈴薯
pound,(n.5),磅
praise,(n.6),"讚揚,稱讚"
presence,(n.8),"出席,在場"
present,(n.7),禮物
president,(n.9),校長;總統
press,(n.5),新聞輿論
pride,(n.5),"自豪,得意"
prince,(n.6),王子
princess,(n.8),公主
principal,(n.9),(中小學)校長
principle,(n.9),主義;真諦
printer,(n.7),印表機;印刷業者
prison,(n.6),監獄
prisoner,(n.8),囚犯;俘虜
prize,(n.5),獎品
produce,(n.7),農產品
producer,(n.8),"生產者,製造者製片人"
progress,(n.8),進步
project,(n.7),計畫
promise,(n.7),"承諾,諾言;希望,前途"
pudding,(n.7),布丁
pump,(n.4),唧筒;打氣機;抽水機
pumpkin,(n.7),南瓜
punishment,(n.10),處罰;懲罰
pupil,(n.5),學生
puppet,(n.6),木偶;傀儡
puppy,(n.5),小狗
purse,(n.5),錢包
puzzle,(n.6),謎
quality,(n.7),品質
quantity,(n.8),量
quarter,(n.7),¼;美金25分;15分鐘
quiz,(n.4),小考
rabbit,(n.6),兔子
range,(n.5),範圍;等級;多爐爐灶
reality,(n.7),現實;真實
record,(n.6),記錄;唱片
rectangle,(n.9),長方形
refrigerator,(n.12),電冰箱
regard,(n.6),事項;問候
region,(n.6),"地區,地帶"
regular,(n.7),正規兵;老客戶;長工;普通尺寸
relation,(n.8),"關係,關聯"
relationship,(n.12),"關係,關聯;人際關係"
repeat,(n.6),重複;重播;複寫;副本;
reply,(n.5),答覆
reporter,(n.8),記者
requirement,(n.11),需要;必需品
respect,(n.7),尊敬
restaurant,(n.10),餐廳
restroom,(n.8),廁所
restroom,(n.8),廁所
result,(n.6),結果
review,(n.6),復習
riches,(n.6),"財富,財產;富有,豐饒"
roach,(n.5),蟑螂
role,(n.4),角色
roll,(n.4),滾動;(一)捲;捲餅;隆隆聲;名單
ruler,(n.5),尺;統治者
runner,(n.6),賽跑者;逃亡者
rush,(n.4),急速行動;(交通等的)繁忙;搶購
safety,(n.6),安全
sailor,(n.6),水手
salad,(n.5),沙拉
sample,(n.6),樣品
sandwich,(n.8),三明治
sauce,(n.5),"調味醬,醬汁"
science,(n.7),科學
scientist,(n.9),科學家
scissors,(n.8),剪刀
score,(n.5),得分; 二十; 刻痕; 樂譜
screen,(n.6),屏;銀幕
search,(n.6),"搜查,搜尋;檢查;探索,調查"
secret,(n.6),秘密
secretary,(n.9),秘書
section,(n.7),節;斷面
selection,(n.9),"選擇;選拔;選集,文選"
semester,(n.8),學期
servant,(n.7),雇工
settlement,(n.10),解決;清算;定居
share,(n.5),股份;市場佔有率;分攤;貢獻
shelf,(n.5),架子
shell,(n.5),"殼,果殼;貝殼"
shock,(n.5),震驚
shoot,(n.5),"幼芽,幼枝;狩獵(隊);射擊;拍攝"
shorts,(n.6),短褲
shower,(n.6),陣雨;淋浴
shrimp,(n.6),蝦子
sidewalk,(n.8),路邊行人道
sign,(n.4),記號
silence,(n.7),寂靜
silk,(n.4),"蠶絲,絲;絲織物(品),綢布"
single,(n.6),單的;一壘安打
sink,(n.4),洗物槽
skirt,(n.5),裙子
slide,(n.5),滑梯;土崩
slip,(n.4),滑跤
slipper,(n.7),拖鞋
snack,(n.5),點心
snail,(n.5),蝸牛
soccer,(n.6),足球
society,(n.7),社會
sock,(n.4),短襪
soldier,(n.7),軍人
solution,(n.8),解答;溶劑
somebody,(n.8),某人;有名氣的人
sort,(n.4),類型;排序
source,(n.6),源頭
soy,(n.3),醬油;大豆
soybean,(n.7),大豆
speaker,(n.7),演講者;揚聲器
speed,(n.5),速度
spelling,(n.8),拼字;拼寫;拼法
spider,(n.6),蜘蛛
spinach,(n.7),菠菜
spirit,(n.6),精神
spot,(n.4),斑點;場所
spread,(n.6),蔓延;普及;價格差異
spring,(n.6),春天;泉
square,(n.6),正方形
squirrel,(n.8),松鼠
stage,(n.5),舞臺;(進展的)階段
stamp,(n.5),郵票;印章
standard,(n.8),標準
steak,(n.5),牛排
steam,(n.5),蒸氣
steel,(n.5),"鋼,鋼鐵"
stick,(n.5),棍;棒;杖;枝條
storm,(n.5),暴風雨
stove,(n.5),爐灶
straight,(n.8),"直,挺直;(紙牌)五張順牌"
stranger,(n.8),陌生人
straw,(n.5),稻草;吸管
strawberry,(n.10),草莓
stream,(n.6),溪流
stress,(n.6),壓力
stretch,(n.7),伸直;伸出;伸長
strike,(n.6),攻擊;罷工
string,(n.6),線;細繩;帶子
struggle,(n.8),使勁;掙扎
subject,(n.7),主題;學科
subway,(n.6),地鐵
success,(n.7),成功
sudden,(n.6),突然發生的事
suit,(n.4),一套衣服;訴訟
supermarket,(n.11),超級市場
supply,(n.6),生活用品;補給品
support,(n.7),支持
surface,(n.7),表面
swallow,(n.7),吞嚥;燕子
swan,(n.4),天鵝
sweater,(n.7),毛衣
sweep,(n.5),掃除
swing,(n.5),鞦韆;搖擺音樂
symbol,(n.6),符號;象徵
table tennis,(n.12),乒乓球
talent,(n.6),天才
tangerine,(n.9),橘子
tank,(n.4),槽;坦克
tape,(n.4),錄音帶;錄影帶;膠帶
target,(n.6),目標
task,(n.4),任務;工作
team,(n.4),隊
tear,(n.4),眼淚
teen,(n.4),青少年
teenager,(n.8),十幾歲孩子
telephone,(n.9),電話
television,(n.10),電視
temple,(n.6),廟宇;神殿
tennis,(n.6),網球
tent,(n.4),帳篷
term,(n.4),術語;學期
test,(n.4),測驗;考試
textbook,(n.8),教科書
theater,(n.7),戲院;劇院
thief,(n.5),小偷
throat,(n.6),喉嚨
thumb,(n.5),拇指
thunder,(n.7),雷
tip,(n.3),尖端;小費
title,(n.5),標題;頭銜
toast,(n.5),烤麵包片
toe,(n.3),腳趾
tofu,(n.4),豆腐
toilet,(n.6),馬桶
tomato,(n.6),番茄
tongue,(n.6),舌頭
tooth,(n.5),牙齒
topic,(n.5),論題;話題
tour,(n.4),旅行
towel,(n.5),毛巾
tower,(n.5),塔
track,(n.5),行蹤;軌道
trade,(n.5),貿易
tradition,(n.9),傳統
traffic,(n.7),交通
trap,(n.4),陷阱;圈套
travel,(n.6),旅行
treasure,(n.8),財寶
treat,(n.5),款待
treatment,(n.9),對待;待遇;治療法
trial,(n.5),審判
triangle,(n.8),三角形
trick,(n.5),詭計;戲法;惡作劇
trousers,(n.8),長褲
truck,(n.5),卡車
trumpet,(n.7),小喇叭
trust,(n.5),"信任,信賴;託管,信託"
truth,(n.5),事實;真相
tube,,
tunnel,,
turkey,,
turtle,,
type,,
typhoon,,
umbrella,,
underground,,
underwear,,
uniform,,
user,,
vacation,,
valley,,
value,,
victory,,
video,,
village,,
violin,,
visitor,,
vocabulary,,
volleyball,,
vote,,
voter,,
waist,,
waiter,,
waitress,,
wallet,,
waterfall,,
watermelon,,
wave,,
weapon,,
weekday,,
western,,
whale,,
wheel,,
whisper,,
width,,
wild,,
wing,,
winner,,
wire,,
wolf,,
wonder,,
wool,,
worth,,
wound,,
yard,,
youth,,
zebra,,
